409d81996421fc77016436403d321cdc,关于四川荣兴汇贸易有限公司列入经营异常名录的公告,高新工商局,经查，四川荣兴汇贸易有限公司（统一社会信用码/注册号：91510100MA6DFXXG29）因通过登记的住所或者经营场所无法联系，违反了《企业信息公示暂行条例》和《企业经营异常名录管理办法》的相关规定。根据《企业信息公示暂行条例》第十七条第一款和《企业经营异常名录管理办法》第九条的规定，现决定将你单位列入经营异常名录。<br />　　你单位如不服本决定，可在接到本决定书之日起六十日内向成都市工商行
409d81996421fc770164363a4a681ca9,关于成都美巢氏家具有限公司列入经营异常名录的公告,高新工商局,经查，成都美巢氏家具有限公司（统一社会信用码/注册号：91510100564455967G）因通过登记的住所或者经营场所无法联系，违反了《企业信息公示暂行条例》和《企业经营异常名录管理办法》的相关规定。根据《企业信息公示暂行条例》第十七条第一款和《企业经营异常名录管理办法》第九条的规定，现决定将你单位列入经营异常名录。<br />　　你单位如不服本决定，可在接到本决定书之日起六十日内向成都市工商行
409d81996421fc770164363950eb1c9e,关于成都德生万物健康科技有限公司列入经营异常名录的公告,高新工商局,经查，成都德生万物健康科技有限公司（统一社会信用码/注册号：915101003505186866）因通过登记的住所或者经营场所无法联系，违反了《企业信息公示暂行条例》和《企业经营异常名录管理办法》的相关规定。根据《企业信息公示暂行条例》第十七条第一款和《企业经营异常名录管理办法》第九条的规定，现决定将你单位列入经营异常名录。<br />　　你单位如不服本决定，可在接到本决定书之日起六十日内向成都市
409d81996421fc770164363593621c7b,关于成都圣卿宝生物科技有限公司列入经营异常名录的公告,高新工商局,经查，成都圣卿宝生物科技有限公司（统一社会信用码/注册号：91510100574647751F）因通过登记的住所或者经营场所无法联系，违反了《企业信息公示暂行条例》和《企业经营异常名录管理办法》的相关规定。根据《企业信息公示暂行条例》第十七条第一款和《企业经营异常名录管理办法》第九条的规定，现决定将你单位列入经营异常名录。<br />　　你单位如不服本决定，可在接到本决定书之日起六十日内向成都市工
409d81976421fc580164361f0c091b5b,关于成都市艾玛特商贸有限公司列入经营异常名录的公告,锦江工商局,经查，成都市艾玛特商贸有限公司（统一社会信用码/注册号：91510104569687257B）因通过登记的住所或者经营场所无法联系，违反了《企业信息公示暂行条例》和《企业经营异常名录管理办法》的相关规定。根据《企业信息公示暂行条例》第十七条第一款和《企业经营异常名录管理办法》第九条的规定，现决定将你单位列入经营异常名录。<br />　　你单位如不服本决定，可在接到本决定书之日起六十日内向成都市工商
409d81976421fc580164361af1601b4d,关于四川发燃燃气设备有限公司列入经营异常名录的公告,锦江工商局,经查，四川发燃燃气设备有限公司（统一社会信用码/注册号：91510104MA6C9PQW3R）因通过登记的住所或者经营场所无法联系，违反了《企业信息公示暂行条例》和《企业经营异常名录管理办法》的相关规定。根据《企业信息公示暂行条例》第十七条第一款和《企业经营异常名录管理办法》第九条的规定，现决定将你单位列入经营异常名录。<br />　　你单位如不服本决定，可在接到本决定书之日起六十日内向成都市工商
409d819864221ca5016436185951183f,关于成都亿呗科技有限公司列入经营异常名录的公告,青羊区市场和质量监督管理局,经查，成都亿呗科技有限公司（统一社会信用码/注册号：91510105MA6CCRN8XE）因通过登记的住所或者经营场所无法联系，违反了《企业信息公示暂行条例》和《企业经营异常名录管理办法》的相关规定。根据《企业信息公示暂行条例》第十七条第一款和《企业经营异常名录管理办法》第九条的规定，现决定将你单位列入经营异常名录。<br />　　你单位如不服本决定，可在接到本决定书之日起六十日内向成都市工商行政
409d819864221ca50164361839761836,关于成都润泽商务服务有限公司列入经营异常名录的公告,青羊区市场和质量监督管理局,经查，成都润泽商务服务有限公司（统一社会信用码/注册号：915101056988587022）因通过登记的住所或者经营场所无法联系，违反了《企业信息公示暂行条例》和《企业经营异常名录管理办法》的相关规定。根据《企业信息公示暂行条例》第十七条第一款和《企业经营异常名录管理办法》第九条的规定，现决定将你单位列入经营异常名录。<br />　　你单位如不服本决定，可在接到本决定书之日起六十日内向成都市工商
409d81976421fc5801643617800a1b42,关于四川大昌科技发展有限公司列入经营异常名录的公告,锦江工商局,经查，四川大昌科技发展有限公司（统一社会信用码/注册号：9151010477580088X9）因通过登记的住所或者经营场所无法联系，违反了《企业信息公示暂行条例》和《企业经营异常名录管理办法》的相关规定。根据《企业信息公示暂行条例》第十七条第一款和《企业经营异常名录管理办法》第九条的规定，现决定将你单位列入经营异常名录。<br />　　你单位如不服本决定，可在接到本决定书之日起六十日内向成都市工商
409d819864221ca5016435b7c8a012f6,关于四川圣吉菲汽车贸易有限公司列入经营异常名录的公告,武侯区市场和质量监督管理局,经查，四川圣吉菲汽车贸易有限公司（统一社会信用码/注册号：915101075946517238）因通过登记的住所或者经营场所无法联系，违反了《企业信息公示暂行条例》和《企业经营异常名录管理办法》的相关规定。根据《企业信息公示暂行条例》第十七条第一款和《企业经营异常名录管理办法》第九条的规定，现决定将你单位列入经营异常名录。<br />　　你单位如不服本决定，可在接到本决定书之日起六十日内向成都市工
409d819b6421fc8101643575796417e5,关于四川龙睿思贤商务咨询有限公司列入经营异常名录的公告,锦江工商局,经查，四川龙睿思贤商务咨询有限公司（统一社会信用码/注册号：91510104MA6BX7T1XE）因通过登记的住所或者经营场所无法联系，违反了《企业信息公示暂行条例》和《企业经营异常名录管理办法》的相关规定。根据《企业信息公示暂行条例》第十七条第一款和《企业经营异常名录管理办法》第九条的规定，现决定将你单位列入经营异常名录。<br />　　你单位如不服本决定，可在接到本决定书之日起六十日内向成都市
409d819464221c2f01643564e60925a0,关于成都智能盒子科技有限公司列入经营异常名录的公告,武侯区市场和质量监督管理局,经查，成都智能盒子科技有限公司（统一社会信用码/注册号：91510107590208564W）因通过登记的住所或者经营场所无法联系，违反了《企业信息公示暂行条例》和《企业经营异常名录管理办法》的相关规定。根据《企业信息公示暂行条例》第十七条第一款和《企业经营异常名录管理办法》第九条的规定，现决定将你单位列入经营异常名录。<br />　　你单位如不服本决定，可在接到本决定书之日起六十日内向成都市工商
409d81976421fc58016434dd62ba12de,关于四川秀丽东方投资管理有限公司列入经营异常名录的公告,锦江工商局,经查，四川秀丽东方投资管理有限公司（统一社会信用码/注册号：915101040753514896）因通过登记的住所或者经营场所无法联系，违反了《企业信息公示暂行条例》和《企业经营异常名录管理办法》的相关规定。根据《企业信息公示暂行条例》第十七条第一款和《企业经营异常名录管理办法》第九条的规定，现决定将你单位列入经营异常名录。<br />　　你单位如不服本决定，可在接到本决定书之日起六十日内向成都市
409d81976421fc5c016434c0aa291914,关于成都优茗居房地产经纪有限公司列入经营异常名录的公告,武侯区市场和质量监督管理局,经查，成都优茗居房地产经纪有限公司（统一社会信用码/注册号：91510107MA61T9MT9N）因通过登记的住所或者经营场所无法联系，违反了《企业信息公示暂行条例》和《企业经营异常名录管理办法》的相关规定。根据《企业信息公示暂行条例》第十七条第一款和《企业经营异常名录管理办法》第九条的规定，现决定将你单位列入经营异常名录。<br />　　你单位如不服本决定，可在接到本决定书之日起六十日内向成都市
409d81976421fc5c016434c0a9a3190d,关于成都市铜柱广告有限公司列入经营异常名录的公告,武侯区市场和质量监督管理局,经查，成都市铜柱广告有限公司（统一社会信用码/注册号：91510107774513977L）因通过登记的住所或者经营场所无法联系，违反了《企业信息公示暂行条例》和《企业经营异常名录管理办法》的相关规定。根据《企业信息公示暂行条例》第十七条第一款和《企业经营异常名录管理办法》第九条的规定，现决定将你单位列入经营异常名录。<br />　　你单位如不服本决定，可在接到本决定书之日起六十日内向成都市工商行
409d81976421fc5c016434c0a8c718ff,关于成都恒一嘉房地产经纪有限公司列入经营异常名录的公告,武侯区市场和质量监督管理局,经查，成都恒一嘉房地产经纪有限公司（统一社会信用码/注册号：91510107343143732Q）因通过登记的住所或者经营场所无法联系，违反了《企业信息公示暂行条例》和《企业经营异常名录管理办法》的相关规定。根据《企业信息公示暂行条例》第十七条第一款和《企业经营异常名录管理办法》第九条的规定，现决定将你单位列入经营异常名录。<br />　　你单位如不服本决定，可在接到本决定书之日起六十日内向成都市
409d81976421fc5c016434c0a9561907,关于成都晨辰阳广告有限公司列入经营异常名录的公告,武侯区市场和质量监督管理局,经查，成都晨辰阳广告有限公司（统一社会信用码/注册号：91510107MA61XA6Y2E）因通过登记的住所或者经营场所无法联系，违反了《企业信息公示暂行条例》和《企业经营异常名录管理办法》的相关规定。根据《企业信息公示暂行条例》第十七条第一款和《企业经营异常名录管理办法》第九条的规定，现决定将你单位列入经营异常名录。<br />　　你单位如不服本决定，可在接到本决定书之日起六十日内向成都市工商行
409d81976421fc5c016434c0a7fc18f9,关于成都遇上逸家房地产经纪有限公司列入经营异常名录的公告,武侯区市场和质量监督管理局,经查，成都遇上逸家房地产经纪有限公司（统一社会信用码/注册号：91510107MA61XL268R）因通过登记的住所或者经营场所无法联系，违反了《企业信息公示暂行条例》和《企业经营异常名录管理办法》的相关规定。根据《企业信息公示暂行条例》第十七条第一款和《企业经营异常名录管理办法》第九条的规定，现决定将你单位列入经营异常名录。<br />　　你单位如不服本决定，可在接到本决定书之日起六十日内向成都
409d81976421fc5c016434c0a1fd18f0,关于成都梦翔生物科技有限公司列入经营异常名录的公告,武侯区市场和质量监督管理局,经查，成都梦翔生物科技有限公司（统一社会信用码/注册号：915101070806168595）因通过登记的住所或者经营场所无法联系，违反了《企业信息公示暂行条例》和《企业经营异常名录管理办法》的相关规定。根据《企业信息公示暂行条例》第十七条第一款和《企业经营异常名录管理办法》第九条的规定，现决定将你单位列入经营异常名录。<br />　　你单位如不服本决定，可在接到本决定书之日起六十日内向成都市工商
409d819864221ca5016426bbab3d09a5,关于四川洪裕网络科技有限公司列入经营异常名录的公告,高新工商局,经查，四川洪裕网络科技有限公司（统一社会信用码/注册号：91510100MA62QDBY5G）因通过登记的住所或者经营场所无法联系，违反了《企业信息公示暂行条例》和《企业经营异常名录管理办法》的相关规定。根据《企业信息公示暂行条例》第十七条第一款和《企业经营异常名录管理办法》第九条的规定，现决定将你单位列入经营异常名录。<br />　　你单位如不服本决定，可在接到本决定书之日起六十日内向成都市工商
409d819864221ca5016426bb29e6099e,关于四川透落叫商贸有限公司列入经营异常名录的公告,高新工商局,经查，四川透落叫商贸有限公司（统一社会信用码/注册号：91510100MA6C6Y8Q8U）因通过登记的住所或者经营场所无法联系，违反了《企业信息公示暂行条例》和《企业经营异常名录管理办法》的相关规定。根据《企业信息公示暂行条例》第十七条第一款和《企业经营异常名录管理办法》第九条的规定，现决定将你单位列入经营异常名录。<br />　　你单位如不服本决定，可在接到本决定书之日起六十日内向成都市工商行
409d819864221ca5016426b6a8d30995,关于成都星澜商务服务有限公司列入经营异常名录的公告,高新工商局,经查，成都星澜商务服务有限公司（统一社会信用码/注册号：91510100MA6CL39M9T）因通过登记的住所或者经营场所无法联系，违反了《企业信息公示暂行条例》和《企业经营异常名录管理办法》的相关规定。根据《企业信息公示暂行条例》第十七条第一款和《企业经营异常名录管理办法》第九条的规定，现决定将你单位列入经营异常名录。<br />　　你单位如不服本决定，可在接到本决定书之日起六十日内向成都市工商
409d819864221ca5016426b6a80b0980,关于四川味在小龙坎餐饮管理有限公司列入经营异常名录的公告,高新工商局,经查，四川味在小龙坎餐饮管理有限公司（统一社会信用码/注册号：91510100MA6DHJ5W80）因通过登记的住所或者经营场所无法联系，违反了《企业信息公示暂行条例》和《企业经营异常名录管理办法》的相关规定。根据《企业信息公示暂行条例》第十七条第一款和《企业经营异常名录管理办法》第九条的规定，现决定将你单位列入经营异常名录。<br />　　你单位如不服本决定，可在接到本决定书之日起六十日内向成都
409d819864221ca5016426b6a894098e,关于四川一品城科技有限公司列入经营异常名录的公告,高新工商局,经查，四川一品城科技有限公司（统一社会信用码/注册号：91510100MA6CLD2H0B）因通过登记的住所或者经营场所无法联系，违反了《企业信息公示暂行条例》和《企业经营异常名录管理办法》的相关规定。根据《企业信息公示暂行条例》第十七条第一款和《企业经营异常名录管理办法》第九条的规定，现决定将你单位列入经营异常名录。<br />　　你单位如不服本决定，可在接到本决定书之日起六十日内向成都市工商行
409d819864221ca5016426b6a7980972,关于成都德新联科技有限公司列入经营异常名录的公告,高新工商局,经查，成都德新联科技有限公司（统一社会信用码/注册号：91510100MA6C7KXNXA）因通过登记的住所或者经营场所无法联系，违反了《企业信息公示暂行条例》和《企业经营异常名录管理办法》的相关规定。根据《企业信息公示暂行条例》第十七条第一款和《企业经营异常名录管理办法》第九条的规定，现决定将你单位列入经营异常名录。<br />　　你单位如不服本决定，可在接到本决定书之日起六十日内向成都市工商行
409d819864221ca5016426b6a8520987,关于四川棹风贸易有限公司列入经营异常名录的公告,高新工商局,经查，四川棹风贸易有限公司（统一社会信用码/注册号：91510100MA6CLF4XXB）因通过登记的住所或者经营场所无法联系，违反了《企业信息公示暂行条例》和《企业经营异常名录管理办法》的相关规定。根据《企业信息公示暂行条例》第十七条第一款和《企业经营异常名录管理办法》第九条的规定，现决定将你单位列入经营异常名录。<br />　　你单位如不服本决定，可在接到本决定书之日起六十日内向成都市工商行政
409d819864221ca5016426b6a7ca0979,关于四川头狼食品有限公司列入经营异常名录的公告,高新工商局,经查，四川头狼食品有限公司（统一社会信用码/注册号：91510100MA6C4J4679）因通过登记的住所或者经营场所无法联系，违反了《企业信息公示暂行条例》和《企业经营异常名录管理办法》的相关规定。根据《企业信息公示暂行条例》第十七条第一款和《企业经营异常名录管理办法》第九条的规定，现决定将你单位列入经营异常名录。<br />　　你单位如不服本决定，可在接到本决定书之日起六十日内向成都市工商行政
409d819864221ca5016426b6a7310965,关于四川磬智国际贸易有限公司列入经营异常名录的公告,高新工商局,经查，四川磬智国际贸易有限公司（统一社会信用码/注册号：91510100MA6C8GMQ93）因通过登记的住所或者经营场所无法联系，违反了《企业信息公示暂行条例》和《企业经营异常名录管理办法》的相关规定。根据《企业信息公示暂行条例》第十七条第一款和《企业经营异常名录管理办法》第九条的规定，现决定将你单位列入经营异常名录。<br />　　你单位如不服本决定，可在接到本决定书之日起六十日内向成都市工商
409d819864221ca5016426b6a762096b,关于成都昊华运维数据技术服务有限公司列入经营异常名录的公告,高新工商局,经查，成都昊华运维数据技术服务有限公司（统一社会信用码/注册号：91510100MA6C7R0B0U）因通过登记的住所或者经营场所无法联系，违反了《企业信息公示暂行条例》和《企业经营异常名录管理办法》的相关规定。根据《企业信息公示暂行条例》第十七条第一款和《企业经营异常名录管理办法》第九条的规定，现决定将你单位列入经营异常名录。<br />　　你单位如不服本决定，可在接到本决定书之日起六十日内向成
409d819864221ca5016426b6a69c0957,关于成都未来优势信息科技有限公司列入经营异常名录的公告,高新工商局,经查，成都未来优势信息科技有限公司（统一社会信用码/注册号：91510100MA6CAREE0M）因通过登记的住所或者经营场所无法联系，违反了《企业信息公示暂行条例》和《企业经营异常名录管理办法》的相关规定。根据《企业信息公示暂行条例》第十七条第一款和《企业经营异常名录管理办法》第九条的规定，现决定将你单位列入经营异常名录。<br />　　你单位如不服本决定，可在接到本决定书之日起六十日内向成都市
409d819864221ca5016426b6a6e3095e,关于成都原力维界数字科技有限公司列入经营异常名录的公告,高新工商局,经查，成都原力维界数字科技有限公司（统一社会信用码/注册号：91510100MA6CAYPJ01）因通过登记的住所或者经营场所无法联系，违反了《企业信息公示暂行条例》和《企业经营异常名录管理办法》的相关规定。根据《企业信息公示暂行条例》第十七条第一款和《企业经营异常名录管理办法》第九条的规定，现决定将你单位列入经营异常名录。<br />　　你单位如不服本决定，可在接到本决定书之日起六十日内向成都市
409d819864221ca5016426b6a6670951,关于成都快普金顺商务信息咨询有限公司列入经营异常名录的公告,高新工商局,经查，成都快普金顺商务信息咨询有限公司（统一社会信用码/注册号：91510100MA6CD9BA6N）因通过登记的住所或者经营场所无法联系，违反了《企业信息公示暂行条例》和《企业经营异常名录管理办法》的相关规定。根据《企业信息公示暂行条例》第十七条第一款和《企业经营异常名录管理办法》第九条的规定，现决定将你单位列入经营异常名录。<br />　　你单位如不服本决定，可在接到本决定书之日起六十日内向成
409d819864221ca5016426b6a37f094b,关于四川食蜀宜餐饮管理有限公司列入经营异常名录的公告,高新工商局,经查，四川食蜀宜餐饮管理有限公司（统一社会信用码/注册号：91510100MA6CD8NWXP）因通过登记的住所或者经营场所无法联系，违反了《企业信息公示暂行条例》和《企业经营异常名录管理办法》的相关规定。根据《企业信息公示暂行条例》第十七条第一款和《企业经营异常名录管理办法》第九条的规定，现决定将你单位列入经营异常名录。<br />　　你单位如不服本决定，可在接到本决定书之日起六十日内向成都市工
409d819864221ca5016426b227bf0933,关于贝莉歌（成都）贸易有限公司高新分公司列入经营异常名录的公告,高新工商局,经查，贝莉歌（成都）贸易有限公司高新分公司（统一社会信用码/注册号：91510100MA6CNPHD7R）因通过登记的住所或者经营场所无法联系，违反了《企业信息公示暂行条例》和《企业经营异常名录管理办法》的相关规定。根据《企业信息公示暂行条例》第十七条第一款和《企业经营异常名录管理办法》第九条的规定，现决定将你单位列入经营异常名录。<br />　　你单位如不服本决定，可在接到本决定书之日起六十日内
409d819864221ca5016426ac70eb090c,关于成都祁祥文化传播有限公司列入经营异常名录的公告,高新工商局,经查，成都祁祥文化传播有限公司（统一社会信用码/注册号：91510100MA61U4MT09）因通过登记的住所或者经营场所无法联系，违反了《企业信息公示暂行条例》和《企业经营异常名录管理办法》的相关规定。根据《企业信息公示暂行条例》第十七条第一款和《企业经营异常名录管理办法》第九条的规定，现决定将你单位列入经营异常名录。<br />　　你单位如不服本决定，可在接到本决定书之日起六十日内向成都市工商
409d819864221ca5016426abd4360904,关于成都欧文集创家具有限公司列入经营异常名录的公告,高新工商局,经查，成都欧文集创家具有限公司（统一社会信用码/注册号：91510100MA61T1J6X0）因通过登记的住所或者经营场所无法联系，违反了《企业信息公示暂行条例》和《企业经营异常名录管理办法》的相关规定。根据《企业信息公示暂行条例》第十七条第一款和《企业经营异常名录管理办法》第九条的规定，现决定将你单位列入经营异常名录。<br />　　你单位如不服本决定，可在接到本决定书之日起六十日内向成都市工商
409d819864221ca5016426a6e39908df,关于成都零下十八度网络科技有限公司列入经营异常名录的公告,高新工商局,经查，成都零下十八度网络科技有限公司（统一社会信用码/注册号：91510100MA61W8T189）因通过登记的住所或者经营场所无法联系，违反了《企业信息公示暂行条例》和《企业经营异常名录管理办法》的相关规定。根据《企业信息公示暂行条例》第十七条第一款和《企业经营异常名录管理办法》第九条的规定，现决定将你单位列入经营异常名录。<br />　　你单位如不服本决定，可在接到本决定书之日起六十日内向成都
409d819864221ca5016426a609cd08c8,关于成都一步共享科技有限公司列入经营异常名录的公告,高新工商局,经查，成都一步共享科技有限公司（统一社会信用码/注册号：91510100MA61XPMG8G）因通过登记的住所或者经营场所无法联系，违反了《企业信息公示暂行条例》和《企业经营异常名录管理办法》的相关规定。根据《企业信息公示暂行条例》第十七条第一款和《企业经营异常名录管理办法》第九条的规定，现决定将你单位列入经营异常名录。<br />　　你单位如不服本决定，可在接到本决定书之日起六十日内向成都市工商
409d819864221ca5016426a362ed08b8,关于成都高新川商小额贷款有限公司列入经营异常名录的公告,高新工商局,经查，成都高新川商小额贷款有限公司（统一社会信用码/注册号：91510100587572998R）因通过登记的住所或者经营场所无法联系，违反了《企业信息公示暂行条例》和《企业经营异常名录管理办法》的相关规定。根据《企业信息公示暂行条例》第十七条第一款和《企业经营异常名录管理办法》第九条的规定，现决定将你单位列入经营异常名录。<br />　　你单位如不服本决定，可在接到本决定书之日起六十日内向成都市
409d819864221ca5016426a19040089c,关于四川军创飞嘀科技有限公司列入经营异常名录的公告,高新工商局,经查，四川军创飞嘀科技有限公司（统一社会信用码/注册号：91510100MA6C7U9H53）因通过登记的住所或者经营场所无法联系，违反了《企业信息公示暂行条例》和《企业经营异常名录管理办法》的相关规定。根据《企业信息公示暂行条例》第十七条第一款和《企业经营异常名录管理办法》第九条的规定，现决定将你单位列入经营异常名录。<br />　　你单位如不服本决定，可在接到本决定书之日起六十日内向成都市工商
409d819864221ca5016426a0e0dc088b,关于四川归农农业科技有限公司列入经营异常名录的公告,高新工商局,经查，四川归农农业科技有限公司（统一社会信用码/注册号：9151010039614101XU）因通过登记的住所或者经营场所无法联系，违反了《企业信息公示暂行条例》和《企业经营异常名录管理办法》的相关规定。根据《企业信息公示暂行条例》第十七条第一款和《企业经营异常名录管理办法》第九条的规定，现决定将你单位列入经营异常名录。<br />　　你单位如不服本决定，可在接到本决定书之日起六十日内向成都市工商
409d819464221c2f01642664c3f3142a,关于彭州市鑫森源生物科技有限公司列入经营异常名录的公告,彭州市市场和质量监督管理局,经查，彭州市鑫森源生物科技有限公司（统一社会信用码/注册号：91510182MA61WC081W）因通过登记的住所或者经营场所无法联系，违反了《企业信息公示暂行条例》和《企业经营异常名录管理办法》的相关规定。根据《企业信息公示暂行条例》第十七条第一款和《企业经营异常名录管理办法》第九条的规定，现决定将你单位列入经营异常名录。<br />　　你单位如不服本决定，可在接到本决定书之日起六十日内向成都市
409d81976421fc5c01642653ab52079f,关于成都汉钰机电设备有限公司列入经营异常名录的公告,金牛区市场和质量监督管理局,经查，成都汉钰机电设备有限公司（统一社会信用码/注册号：91510106060051969L）因通过登记的住所或者经营场所无法联系，违反了《企业信息公示暂行条例》和《企业经营异常名录管理办法》的相关规定。根据《企业信息公示暂行条例》第十七条第一款和《企业经营异常名录管理办法》第九条的规定，现决定将你单位列入经营异常名录。<br />　　你单位如不服本决定，可在接到本决定书之日起六十日内向成都市工商
409d819464221c2f01642652bc5d1261,关于成都瑞森堡家具有限责任公司列入经营异常名录的公告,彭州市市场和质量监督管理局,经查，成都瑞森堡家具有限责任公司（统一社会信用码/注册号：91510182MA61WCQL3P）因通过登记的住所或者经营场所无法联系，违反了《企业信息公示暂行条例》和《企业经营异常名录管理办法》的相关规定。根据《企业信息公示暂行条例》第十七条第一款和《企业经营异常名录管理办法》第九条的规定，现决定将你单位列入经营异常名录。<br />　　你单位如不服本决定，可在接到本决定书之日起六十日内向成都市工
409d819464221c2f0164265286101253,关于成都市益友生物燃料有限公司列入经营异常名录的公告,彭州市市场和质量监督管理局,经查，成都市益友生物燃料有限公司（统一社会信用码/注册号：91510182MA61WFNB0F）因通过登记的住所或者经营场所无法联系，违反了《企业信息公示暂行条例》和《企业经营异常名录管理办法》的相关规定。根据《企业信息公示暂行条例》第十七条第一款和《企业经营异常名录管理办法》第九条的规定，现决定将你单位列入经营异常名录。<br />　　你单位如不服本决定，可在接到本决定书之日起六十日内向成都市工
409d819464221c2f0164265240831246,关于成都市每环新材料有限公司列入经营异常名录的公告,彭州市市场和质量监督管理局,经查，成都市每环新材料有限公司（统一社会信用码/注册号：91510182MA61X13W2X）因通过登记的住所或者经营场所无法联系，违反了《企业信息公示暂行条例》和《企业经营异常名录管理办法》的相关规定。根据《企业信息公示暂行条例》第十七条第一款和《企业经营异常名录管理办法》第九条的规定，现决定将你单位列入经营异常名录。<br />　　你单位如不服本决定，可在接到本决定书之日起六十日内向成都市工商
409d819b5d183bf7015d1856945d098d,关于成都皓海文化交流中心列入经营异常名录的公告,青羊区市场和质量监督管理局,"经查，成都皓海文化交流中心（统一社会信用码/注册号：510105000068044）因未在工商行政管理部门依照《企业信息公示暂行条例》第十条规定责令的期限内公示有关企业信息,违反了《企业信息公示暂行条例》和《企业经营异常名录管理办法》的相关规定。根据《企业信息公示暂行条例》第十七条第一款和《企业经营异常名录管理办法》第七条的规定，现决定将你单位列入经营异常名录。<br />　　你单位如不服本决定，"
409d819b6421fc8101642643f1c20b62,关于成都中海合创股权投资基金管理中心（有限合伙）列入经营异常名录的公告,锦江工商局,经查，成都中海合创股权投资基金管理中心（有限合伙）（统一社会信用码/注册号：91510104397432302F）因通过登记的住所或者经营场所无法联系，违反了《企业信息公示暂行条例》和《企业经营异常名录管理办法》的相关规定。根据《企业信息公示暂行条例》第十七条第一款和《企业经营异常名录管理办法》第九条的规定，现决定将你单位列入经营异常名录。<br />　　你单位如不服本决定，可在接到本决定书之日起
409d819b6421fc8101642642bb030b53,关于成都新创合文化传播有限责任公司列入经营异常名录的公告,锦江工商局,经查，成都新创合文化传播有限责任公司（统一社会信用码/注册号：91510104MA6C6EKU21）因通过登记的住所或者经营场所无法联系，违反了《企业信息公示暂行条例》和《企业经营异常名录管理办法》的相关规定。根据《企业信息公示暂行条例》第十七条第一款和《企业经营异常名录管理办法》第九条的规定，现决定将你单位列入经营异常名录。<br />　　你单位如不服本决定，可在接到本决定书之日起六十日内向成都
409d819b6421fc8101642641ba380b45,关于成都铭峰源环保科技有限公司列入经营异常名录的公告,锦江工商局,经查，成都铭峰源环保科技有限公司（统一社会信用码/注册号：91510104551091578T）因通过登记的住所或者经营场所无法联系，违反了《企业信息公示暂行条例》和《企业经营异常名录管理办法》的相关规定。根据《企业信息公示暂行条例》第十七条第一款和《企业经营异常名录管理办法》第九条的规定，现决定将你单位列入经营异常名录。<br />　　你单位如不服本决定，可在接到本决定书之日起六十日内向成都市工
